filing_id,file_name_ar,entity,entity_type,sector,report,period_end,consolidated,pdf_pages,statement_pages_format,proposed_split,sha256,public_source_url,source_check
aramco_FY2024,ارامكو.pdf,Saudi Aramco,Company,Oil & gas,Annual,31 Dec 2024,Yes,84,Text; SAR and USD columns side by side,Dev (pilot),cc6ceba6a07454bbed6d9f319411fb8835eba8d8346c7245958107afa8f0ff72,https://www.saudiexchange.sa/Resources/fsPdf/1541_0_2025-03-04_09-24-08_Ar.pdf,Verified: SHA-256 identical to the Saudi Exchange file (27 Sep 2026)
maaden_FY2024,370_0_2025-03-13_13-01-24_Ar.pdf,Ma'aden (Saudi Arabian Mining Co.),Company,Mining,Annual,31 Dec 2024,Yes,126,Images inside digital PDF (pages 11–16),Dev (pilot),bfb35f4a6f885af5107a93c793c163700d1820cc1fb99b14e62f5539405c6b0e,https://www.saudiexchange.sa/Resources/fsPdf/370_0_2025-03-13_13-01-24_Ar.pdf,Downloaded directly from the Saudi Exchange (replaces the edited excerpt)
arabian_drilling_FY2024,الحفر.pdf,Arabian Drilling,Company,Oil & gas services,Annual,31 Dec 2024,Yes,55,Images inside digital PDF (pages 8–13),Dev (pilot),a995bf66c1e6a136f1b5736d140cbd6d66b974aad6ce4ec6f1687bd8c14ee689,https://www.saudiexchange.sa/Resources/fsPdf/3703_0_2025-03-12_08-38-31_Ar.pdf,Verified: SHA-256 identical to the Saudi Exchange file (27 Sep 2026)
aramco_FY2023,1541_0_2024-03-11_10-08-23_Ar.pdf,Saudi Aramco (FY2023),Company,Oil & gas,Annual,31 Dec 2023,Yes,87,Text,Dev only (same company as a dev filing — keep out of test),905027d71a07f28e63119f316fa078b33c8509b51190f9e5895e0e35629969e6,https://www.saudiexchange.sa/Resources/fsPdf/1541_0_2024-03-11_10-08-23_Ar.pdf,Downloaded directly from the Saudi Exchange
bahri_FY2024,الشركة السعودي للنقل البحري,Bahri (National Shipping Co. of Saudi Arabia),Company,Transport — shipping,Annual,31 Dec 2024,Yes,48,Images inside digital PDF,Test,cd1630cb61d26f1b1b5ae1b7e3a4343331cf236b06c7ad45e00bbd5672d32d3e,https://www.saudiexchange.sa/Resources/fsPdf/439_0_2025-03-26_06-30-50_Ar.pdf,Verified: SHA-256 identical to the Saudi Exchange file (27 Sep 2026)
maadaniyah_Q1-2025,الشركة الوطنية لتصنيع وسبك المعادن,Maadaniyah (National Metal Manufacturing & Casting),Company,Industrial — metals,Interim (Q1),31 Mar 2025,Yes,15,Images inside digital PDF,Test,a2aa33bf564678530db1e8277b90bf43d125c2a16816ed4a0927f800778b05c9,https://www.saudiexchange.sa/Resources/fsPdf/402_0_2025-05-13_16-05-03_Ar.pdf,Verified: SHA-256 identical to the Saudi Exchange file (27 Sep 2026)
almarai_FY2024,المراعي,Almarai,Company,Food,Annual,31 Dec 2024,Yes,61,Text,Test,b16a80b0bfb43617080d31908585d9ce5fd200e307568d95fdf6f231188448ac,https://www.saudiexchange.sa/Resources/fsPdf/408_0_2025-01-20_15-02-50_Ar.pdf,Verified: SHA-256 identical to the Saudi Exchange file (27 Sep 2026)
kingdom_holding_FY2024,المملكة القابضة,Kingdom Holding,Company,Holding / investment,Annual,31 Dec 2024,Yes,66,Fully scanned,Test,08260242ed57b0f690fd309d9cf5fe6010a9b9fd7ce46ec6ab496c5a35f84434,https://www.saudiexchange.sa/Resources/fsPdf/463_0_2025-03-17_15-51-22_Ar.pdf,Verified: SHA-256 identical to the Saudi Exchange file (27 Sep 2026)
saudi_re_FY2024,504_0_2025-03-23_10-25-05_Ar.pdf,Saudi Re (Saudi Reinsurance Co.),Company,Reinsurance,Annual,31 Dec 2024,–,76,Text layer garbled (private glyph map; digits stored reversed),Test,20facaa981682e4201b779c931dc7b16fc36cad8fd850b3d1eb9eee549ca3396,https://www.saudiexchange.sa/Resources/fsPdf/504_0_2025-03-23_10-25-05_Ar.pdf,Downloaded directly from the Saudi Exchange (replaces the Q3 2019 interim)
halwani_FY2024,حلواني واخوانه,Halwani Bros,Company,Food,Annual,31 Dec 2024,Yes,61,Images inside digital PDF,Test,0de0910610b336aa8fc77070bc08b7fa5f8b90ecf4efc100fbc9a37b544dc964,https://www.saudiexchange.sa/Resources/fsPdf/469_0_2025-03-04_22-00-02_Ar.pdf,Verified: SHA-256 identical to the Saudi Exchange file (27 Sep 2026)
al_khodari_FY2018,شركة أبناء عبدالله الخضري,Al Khodari Sons,Company,Construction,Annual,31 Dec 2018,Yes,53,Fully scanned,Test,daa33dd0326e8f17b86750393669d957bb30097ca70f5e06499d2193db67e216,,"Obtained from the Saudi Exchange (authors' statement, 2 Oct 2026); URL not recorded. Earlier note: Not verifiable online: older than the filings the Saudi Exchange company page lists"
othaim_FY2024,شركة أسواق عبدالله العثيم,Abdullah Al-Othaim Markets,Company,Retail,Annual,31 Dec 2024,Yes,56,Text,Test,5ceaeb7901cbcf4a1bed5a9d7bbbc9ce0cbb46b0dcd9371956f713dc743206d3,https://www.saudiexchange.sa/Resources/fsPdf/432_0_2025-04-08_22-14-35_Ar.pdf,Verified: SHA-256 identical to the Saudi Exchange file (27 Sep 2026)
ashmore_saudi_equity_fund_H1-2020,شركة أشمور,"Ashmore Saudi Equity Fund — a fund, not the company",Fund,Equity fund,Interim (H1),30 Jun 2020,n/a,18,Text,Dev,87a8750278d9c72f1bb7a7475148822b9ace44947a47d649fd29583518bd9158,,"Obtained from the Saudi Exchange (authors' statement, 2 Oct 2026); URL not recorded. Earlier note: Not checked: fund is not exchange-listed — verify against the fund manager's publication"
alif_meem_yaa_FY2023,شركة ألف ميم ياء للمعدات والأجهزة الطبية,Alif Meem Yaa Medical Supplies & Equipment,Company,Healthcare equipment,Annual,31 Dec 2023,No,45,Text,Test,2327b2e496faf5d6dfa5d68f6097d4cb049ce81dc7593233c573d8ab01982425,https://www.saudiexchange.sa/Resources/fsPdf/2684_0_2024-03-31_21-48-58_Ar.pdf,Verified: SHA-256 identical to the Saudi Exchange file (27 Sep 2026)
alinma_tokio_marine_FY2022,شركة الانماء طوكيو,Alinma Tokio Marine,Company,Insurance,Annual,31 Dec 2022,No,75,Fully scanned (faint),Test,c62a2e9f4c6796f5c5fced00e5fabb0fe3f897f3b47da932f852d89d8ab7a9a1,https://www.saudiexchange.sa/Resources/fsPdf/517_0_2023-03-29_11-26-55_Ar.pdf,Verified: SHA-256 identical to the Saudi Exchange file (27 Sep 2026)
mesc_H1-2023,شركة الشرق الأوسط,Middle East Specialized Cables (MESC),Company,Industrial — cables,Interim (H1),30 Jun 2023,Yes,15,Text,Dev,27f833b75ba0985111b125a15e38ea70b0cabfc1859919e66f995a0c21be2573,https://www.saudiexchange.sa/Resources/fsPdf/417_0_2023-08-03_16-37-54_Ar.pdf,Downloaded directly from the Saudi Exchange (same filing as the zip copy; exchange version adds a stamp image)
buruj_FY2024,شركة بروج للتأمين,Buruj Cooperative Insurance,Company,Insurance,Annual,31 Dec 2024,No,61,Images inside digital PDF; text layer reverses digits; equity page rotated,Dev,8982af36b1a8addb26b550fa296ae693d2ec1822e0e486032dee8a5e86408241,https://www.saudiexchange.sa/Resources/fsPdf/511_0_2025-03-26_21-55-31_Ar.pdf,Verified: SHA-256 identical to the Saudi Exchange file (27 Sep 2026)
bishah_FY2016,شركة بيشة للتنمية الزراعية,Bishah Agricultural Development,Company,Agriculture,Annual,31 Dec 2016,No,20,"Fully scanned (old, yellowed paper)",Dev,9f557625a4ce481873be5eaa09b55978531e4e82a0632ea48e828b1763248ba1,,"Obtained from the Saudi Exchange (authors' statement, 2 Oct 2026); URL not recorded. Earlier note: Not verifiable online: older than the filings the Saudi Exchange company page lists"
taiba_FY2024,شركة طيبة للاستثمار,Taiba Investments,Company,Real estate / hospitality,Annual,31 Dec 2024,Yes,62,Images inside digital PDF,Test,51989e7f671ec14e76c0b092d6d2d037eeab7a4e70b69f2649c0607dc328907e,https://www.saudiexchange.sa/Resources/fsPdf/445_0_2025-03-26_19-51-21_Ar.pdf,Verified: SHA-256 identical to the Saudi Exchange file (27 Sep 2026)
cenomi_retail_FY2024,شركة فواز الحكير,Fawaz Alhokair (Cenomi Retail),Company,Retail,Annual,31 Dec 2024,Yes,64,Images inside digital PDF,Test,bccab796b8a008927a3edd456f1ef525f6e65eebd4218610824f7f9a217db1b6,https://www.saudiexchange.sa/Resources/fsPdf/459_0_2025-04-09_07-11-29_Ar.pdf,Verified: SHA-256 identical to the Saudi Exchange file (27 Sep 2026)
liva_FY2024,شركة ليفا,LIVA Insurance,Company,Insurance,Annual,31 Dec 2024,No,81,Text,Test,60706e1040e3af69375892fb63ec75895def51b376652bebb1b6fa1edfab7ecf,https://www.saudiexchange.sa/Resources/fsPdf/512_0_2025-02-20_08-39-00_Ar.pdf,Verified: SHA-256 identical to the Saudi Exchange file (27 Sep 2026)
nama_FY2024,شركة نماء للبيتروكيماويات,Nama Chemicals,Company,Petrochemicals,Annual,31 Dec 2024,Yes,44,Images inside digital PDF,Test,0d82e3786c42c247f6efeabf6832f9a762f4c3f271efcc8764dbe8499b3bc2e5,https://www.saudiexchange.sa/Resources/fsPdf/401_0_2025-04-10_21-07-03_Ar.pdf,Verified: SHA-256 identical to the Saudi Exchange file (27 Sep 2026)
herfy_FY2024,شركة هرفي,Herfy Food Services,Company,Restaurants,Annual,31 Dec 2024,No,56,Images inside digital PDF,Test,b3025d0c786f561c024acc06b6ee5c4173c0c4f6b74ed09e01ff2395dbf4d7cf,https://www.saudiexchange.sa/Resources/fsPdf/470_0_2025-03-11_16-59-09_Ar.pdf,Verified: SHA-256 identical to the Saudi Exchange file (27 Sep 2026)
alahli_global_trade_fund_H1-2023,صندوق الأهلي للتجارة,AlAhli Global Trade Fund,Fund,Trade-finance fund,Interim (H1),30 Jun 2023,n/a,13,Text,Test,ea520b7429b218060324f2a8e06a404b751b2e151e689261ed810f030f5e0450,,"Obtained from the Saudi Exchange (authors' statement, 2 Oct 2026); URL not recorded. Earlier note: Not checked: fund is not exchange-listed — verify against the fund manager's publication"
riyad_aliemar_fund_FY2023,صندوق الرياض للاعمار,Riyad Al-I'mar Fund (open-ended),Fund,Open-ended fund,Annual,31 Dec 2023,n/a,28,Text,Test,8d1ab2eff5ad6dbc4d162746df9c0d2343ba16b21bd65bd1416c269e14ce853f,,"Obtained from the Saudi Exchange (authors' statement, 2 Oct 2026); URL not recorded. Earlier note: Not checked: fund is not exchange-listed — verify against the fund manager's publication"
al_mubarak_usd_trade_fund_H1-2022,صندوق المبارك,Al Mubarak USD Trade Fund — USD-denominated,Fund,Trade fund (USD),Interim (H1),30 Jun 2022,n/a,10,Text,Test,bba6110211707a4d976573957274e7250dab30886a66881ce0fc141a6e7b0575,,"Obtained from the Saudi Exchange (authors' statement, 2 Oct 2026); URL not recorded. Earlier note: Not checked: fund is not exchange-listed — verify against the fund manager's publication"
blom_saudi_fund_FY2022,صندوق بلوم,Blom Saudi Fund,Fund,Fund,Annual,31 Dec 2022,n/a,20,Text,Test,d584108fbe83521c7042353b17037753de415ebde0e02a9b1cddc559b872499b,,"Obtained from the Saudi Exchange (authors' statement, 2 Oct 2026); URL not recorded. Earlier note: Not checked: fund is not exchange-listed — verify against the fund manager's publication"
musharaka_reit_FY2019,صندوق ريت,Musharaka REIT,Fund,REIT,Annual,31 Dec 2019,n/a,32,Text,Dev,b08cf6bcc59638d4ec1ba6734d009de8dd016934381c3ec411579928c19d198a,,"Obtained from the Saudi Exchange (authors' statement, 2 Oct 2026); URL not recorded. Earlier note: Not verifiable online: older than the filings the Saudi Exchange company page lists"
sedco_capital_reit_FY2022,صندوق سدكو,SEDCO Capital REIT,Fund,REIT,Annual,31 Dec 2022,n/a,32,Images inside digital PDF,Test,1e1c3cab223cc8092045af45890f0b76bcdad68b9269c85e71f274d8a4ceb6b2,,"Obtained from the Saudi Exchange (authors' statement, 2 Oct 2026); URL not recorded. Earlier note: Not verifiable online: older than the filings the Saudi Exchange company page lists"
al_rajhi_FY2024,353_0_2025-02-09_10-59-21_Ar.pdf,Al Rajhi Bank,Company,Banking,Annual,31 Dec 2024,Yes,106,Images inside digital PDF,Test,fe030715044e5bf8dd82b610862d1379c5556317d3ec0d17acc86e5a1fab7ba7,https://www.saudiexchange.sa/Resources/fsPdf/353_0_2025-02-09_10-59-21_Ar.pdf,Downloaded directly from the Saudi Exchange
snb_FY2024,607_0_2025-02-06_14-39-01_Ar.pdf,Saudi National Bank (SNB),Company,Banking,Annual,31 Dec 2024,Yes,120,Images inside digital PDF,Test,41dc8f56318bf50b2c7ffb9e7729812bb978bd2d988bfaf9e131256054dd7973,https://www.saudiexchange.sa/Resources/fsPdf/607_0_2025-02-06_14-39-01_Ar.pdf,Downloaded directly from the Saudi Exchange
bank_aljazira_FY2024,329_0_2025-02-10_13-12-30_Ar.pdf,Bank AlJazira,Company,Banking,Annual,31 Dec 2024,Yes,135,Images inside digital PDF (pages 7–12); equity page rotated,Dev,8086ac666d3614b45f6ef3f2d99d5cca00b9cad3a2c725d215dacc166f44074f,https://www.saudiexchange.sa/Resources/fsPdf/329_0_2025-02-10_13-12-30_Ar.pdf,Downloaded directly from the Saudi Exchange
